x1,y1,x2,y2,class_id,prob
136.6809639930725,113.42631435394287,173.73331832885742,144.377610206604,mask,0.8852797
187.13108825683594,49.34889817237854,209.22253131866455,71.14741110801697,mask,0.8635658
59.58973342180252,54.143266916275024,81.94679707288742,74.8171079158783,mask,0.83850604
11.995477974414825,72.84616661071777,32.385360181331635,91.00061416625977,no-mask,0.6825415
