x1,y1,x2,y2,class_id,prob
534.5427532196045,164.24940538406372,569.1014270782471,195.3830599784851,no-mask,0.85525465
230.7991075515747,196.39156866073608,266.2648515701294,228.51344919204712,mask,0.8260701
47.031467378139496,184.13965606689453,93.60227018594742,233.7364730834961,mask,0.8253435
703.5999441146851,114.7874698638916,757.620903968811,161.69032669067383,mask,0.81988996
274.0663969516754,178.50703477859497,297.56149649620056,217.9878077507019,mask,0.610585
