x1,y1,x2,y2,class_id,prob
313.5677375793457,420.006028175354,786.8361930847168,937.091786956787,mask,0.8651659
