x1,y1,x2,y2,class_id,prob
535.3115758895874,162.46524906158447,568.8531618118286,195.15389347076416,no-mask,0.8523255
46.742689311504364,184.61448431015015,92.09520703554153,235.3337082862854,mask,0.8135694
230.84116387367246,196.3674488067627,264.6390302181244,228.1676197052002,mask,0.8042669
272.72039008140564,178.95585250854492,296.8629877567291,219.17623901367188,mask,0.6593045
535.3115758895874,162.46524906158447,568.8531618118286,195.15389347076416,no-mask,0.8523255
46.742689311504364,184.61448431015015,92.09520703554153,235.3337082862854,mask,0.8135694
230.84116387367246,196.3674488067627,264.6390302181244,228.1676197052002,mask,0.8042669
272.72039008140564,178.95585250854492,296.8629877567291,219.17623901367188,mask,0.6593045
