x1,y1,x2,y2,class_id,prob
303.21900939941406,419.3714956283569,746.4837341308594,938.4700441360474,mask,0.78989637
303.21900939941406,419.3714956283569,746.4837341308594,938.4700441360474,mask,0.78989637
